{"path": {"kpts": {"__ndarray__": [[53, 3], "float64", [0.5, 0.25, 0.75, 0.5, 0.275, 0.725, 0.5, 0.3, 0.7, 0.5, 0.325, 0.675, 0.5, 0.35, 0.65, 0.5, 0.375, 0.625, 0.5, 0.4, 0.6, 0.5, 0.42500000000000004, 0.575, 0.5, 0.45, 0.55, 0.5, 0.475, 0.525, 0.5, 0.5, 0.5, 0.46153846153846156, 0.46153846153846156, 0.46153846153846156, 0.4230769230769231, 0.4230769230769231, 0.4230769230769231, 0.3846153846153846, 0.3846153846153846, 0.3846153846153846, 0.34615384615384615, 0.34615384615384615, 0.34615384615384615, 0.3076923076923077, 0.3076923076923077, 0.3076923076923077, 0.2692307692307692, 0.2692307692307692, 0.2692307692307692, 0.23076923076923073, 0.23076923076923073, 0.23076923076923073, 0.1923076923076923, 0.1923076923076923, 0.1923076923076923, 0.15384615384615385, 0.15384615384615385, 0.15384615384615385, 0.11538461538461536, 0.11538461538461536, 0.11538461538461536, 0.07692307692307687, 0.07692307692307687, 0.07692307692307687, 0.038461538461538436, 0.038461538461538436, 0.038461538461538436, 0.0, 0.0, 0.0, 0.03333333333333333, 0.0, 0.03333333333333333, 0.06666666666666667, 0.0, 0.06666666666666667, 0.1, 0.0, 0.1, 0.13333333333333333, 0.0, 0.13333333333333333, 0.16666666666666666, 0.0, 0.16666666666666666, 0.2, 0.0, 0.2, 0.23333333333333334, 0.0, 0.23333333333333334, 0.26666666666666666, 0.0, 0.26666666666666666, 0.3, 0.0, 0.3, 0.3333333333333333, 0.0, 0.3333333333333333, 0.36666666666666664, 0.0, 0.36666666666666664, 0.4, 0.0, 0.4, 0.43333333333333335, 0.0, 0.43333333333333335, 0.4666666666666667, 0.0, 0.4666666666666667, 0.5, 0.0, 0.5, 0.5, 0.03125, 0.53125, 0.5, 0.0625, 0.5625, 0.5, 0.09375, 0.59375, 0.5, 0.125, 0.625, 0.5, 0.15625, 0.65625, 0.5, 0.1875, 0.6875, 0.5, 0.21875, 0.71875, 0.5, 0.25, 0.75, 0.4791666666666667, 0.2708333333333333, 0.75, 0.4583333333333333, 0.2916666666666667, 0.75, 0.4375, 0.3125, 0.75, 0.4166666666666667, 0.3333333333333333, 0.75, 0.39583333333333337, 0.35416666666666663, 0.75, 0.375, 0.375, 0.75]]}, "special_points": {"G": {"__ndarray__": [[3], "float64", [0.0, 0.0, 0.0]]}, "K": {"__ndarray__": [[3], "float64", [0.375, 0.375, 0.75]]}, "L": {"__ndarray__": [[3], "float64", [0.5, 0.5, 0.5]]}, "U": {"__ndarray__": [[3], "float64", [0.625, 0.25, 0.625]]}, "W": {"__ndarray__": [[3], "float64", [0.5, 0.25, 0.75]]}, "X": {"__ndarray__": [[3], "float64", [0.5, 0.0, 0.5]]}}, "labelseq": "WLGXWK", "cell": {"array": {"__ndarray__": [[3, 3], "float64", [0.0, 2.0449999999999995, 2.0449999999999995, 2.0449999999999995, 0.0, 2.0449999999999995, 2.0449999999999995, 2.0449999999999995, 0.0]]}, "__ase_objtype__": "cell"}, "__ase_objtype__": "bandpath"}, "energies": {"__ndarray__": [[1, 53, 9], "float64", [1.4652100683323275, 2.073459301021866, 2.07345931442486, 3.405985243538762, 4.409928659953089, 13.030127889032691, 13.030127945518114, 14.04207685420603, 15.33773709843594, 1.4867043889802365, 2.037691824141272, 2.101166356853951, 3.4050740663108594, 4.3732933586561105, 12.6004389655444, 12.65045030733453, 14.628967711251587, 15.753608811044016, 1.549691841665413, 1.9370912272347272, 2.184781712546847, 3.387228584626725, 4.281875299715157, 11.884341547836573, 12.025756649368606, 15.664872640345624, 16.62796227997071, 1.6474984852301144, 1.7868327065961833, 2.32541054167173, 3.3150964437679704, 4.185400431488349, 11.036468257808165, 11.564786958737052, 16.861750727567696, 17.65468358507907, 1.6031360743678016, 1.7695387951925472, 2.523732468686575, 3.164308690662207, 4.131768368653626, 10.190013418198474, 11.226677031844211, 18.166960626932926, 18.747324138491315, 1.4013462981568046, 1.90329735218878, 2.778549778513284, 2.960376294485597, 4.12414621558408, 9.37322219966935, 10.99177983050028, 19.549044910321882, 19.870689918261114, 1.1980034657292862, 2.0358828675767877, 2.7515271786008477, 3.084566909797489, 4.140245914937733, 8.60291138553993, 10.835814622377118, 20.977440780281633, 20.99231844804455, 1.0114500062874034, 2.1545180573284957, 2.571899771557556, 3.427969493252387, 4.162496702428666, 7.8972428723636545, 10.736812673662566, 22.053176038465125, 22.411267728038748, 0.861102674505999, 2.248544366660621, 2.4382174208500795, 3.779267428915947, 4.182034325083063, 7.2872076761797855, 10.677769634712696, 22.91498364467378, 23.77600306176812, 0.763572531948196, 2.3090198732947886, 2.357015169837514, 4.074658294499306, 4.194860094774782, 6.836772332908341, 10.64692537733001, 23.442338574397464, 24.897133828348526, 0.7297526858228431, 2.329607265210242, 2.329607265210282, 4.199033723724997, 4.199033723725023, 6.660538486390617, 10.637288137701267, 25.380102145391138, 25.380102145391195, 0.7386593571503569, 2.338289902017967, 2.338289902018013, 4.175860594255855, 4.175860594255922, 6.340483415109243, 11.03547698754048, 25.433481379990145, 25.43348137999039, 0.7632706897131696, 2.36268212125186, 2.3626821212518894, 4.107930424915708, 4.1079304249157556, 5.621132365170171, 11.989700285533285, 25.587491197627404, 25.58749119762766, 0.7970770333425483, 2.4006721084859777, 2.40067210848601, 4.002379883711151, 4.0023798837112174, 4.794636567969636, 13.210966883593757, 25.82404828574373, 25.824048285744105, 0.8266701889456174, 2.4478949025748467, 2.4478949025749155, 3.8703015167127335, 3.8703015167128196, 3.9952023098241956, 14.572544864295791, 26.11440244370177, 26.11440244370186, 0.826566962030906, 2.4975676958317883, 2.4975676958317954, 3.2932436301471637, 3.725919194189199, 3.7259191941892515, 16.02096512483392, 26.422884881006624, 26.422884881007903, 0.7535612774567138, 2.539833352614886, 2.5398333526149166, 2.7493285858643937, 3.5864965880096067, 3.5864965880096715, 17.52718161364719, 26.714452752030084, 26.71445275205381, 0.5638921861124969, 2.4131613240476617, 2.5618885327543652, 2.5618885327544505, 3.4709702884969253, 3.4709702884969924, 19.069422255505263, 24.93330345177669, 26.963973490091817, 0.2720869327474456, 2.270050322435674, 2.552550390167671, 2.552550390167704, 3.3954726123527745, 3.395472612352804, 20.624094961454876, 27.161255760262026, 27.16125576026342, -0.04907170952244395, 2.245351304348656, 2.5122533722035167, 2.5122533722035296, 3.3640401650295204, 3.364040165029555, 22.150572347000104, 27.308220182652384, 27.308220182653287, -0.3371496823753744, 2.2712351625145333, 2.455628241438332, 2.455628241438342, 3.363975704107706, 3.363975704107721, 23.52186906419251, 27.41220165580737, 27.412201655809618, -0.5580467177590434, 2.3094900559761617, 2.401370858031609, 2.401370858031677, 3.377230638602764, 3.377230638602825, 24.30722956009103, 27.480840736652695, 27.480840736654052, -0.6954207631535544, 2.339338914957079, 2.363712970862262, 2.3637129708623217, 3.3904780530981973, 3.390478053098207, 24.498361190925845, 27.51985761994832, 27.519857619949732, -0.7419236394858828, 2.350332704249209, 2.3503327042492166, 2.350332724835918, 3.395612796357172, 3.3956127963572693, 27.53251676835415, 27.532516768354203, 27.53251687552475, -0.69529872275886, 2.3319609901927443, 2.36750493670361, 2.367504950424607, 3.377038058217027, 3.403658077387159, 27.299329653313464, 27.337024406326464, 27.33702447550593, -0.5568690314603798, 2.2779570723391123, 2.418662378386494, 2.4186623920855466, 3.3230521638405572, 3.427485441765175, 26.75788435522815, 26.80402324471966, 26.804023308979808, -0.3314827362005702, 2.1915337096263983, 2.5030705444153862, 2.5030705580877517, 3.241365716951687, 3.4661953036430893, 26.043684182700805, 26.043684242032597, 26.12697007498877, -0.029511727368330534, 2.077670154758956, 2.6191691203415584, 2.6191691339707672, 3.1457789709774606, 3.518296783969851, 25.154845242053476, 25.154845297425634, 25.511833553599548, 0.32787693375847743, 1.9426341218182654, 2.764608263944278, 2.7646082775185103, 3.061952645153078, 3.5814463792645137, 24.206520225621606, 24.206520278085968, 24.937909987615022, 0.6975112265079818, 1.7935515407295841, 2.93662257547867, 2.936622588911683, 3.0393489751393177, 3.653722177485115, 23.244844567670377, 23.244844618040617, 24.364425452987895, 1.000203387587985, 1.637350253983794, 