{"kpts": {"__ndarray__": [[53, 3], "float64", [0.5, 0.25, 0.75, 0.5, 0.275, 0.725, 0.5, 0.3, 0.7, 0.5, 0.325, 0.675, 0.5, 0.35, 0.65, 0.5, 0.375, 0.625, 0.5, 0.4, 0.6, 0.5, 0.42500000000000004, 0.575, 0.5, 0.45, 0.55, 0.5, 0.475, 0.525, 0.5, 0.5, 0.5, 0.46153846153846156, 0.46153846153846156, 0.46153846153846156, 0.4230769230769231, 0.4230769230769231, 0.4230769230769231, 0.3846153846153846, 0.3846153846153846, 0.3846153846153846, 0.34615384615384615, 0.34615384615384615, 0.34615384615384615, 0.3076923076923077, 0.3076923076923077, 0.3076923076923077, 0.2692307692307692, 0.2692307692307692, 0.2692307692307692, 0.23076923076923073, 0.23076923076923073, 0.23076923076923073, 0.1923076923076923, 0.1923076923076923, 0.1923076923076923, 0.15384615384615385, 0.15384615384615385, 0.15384615384615385, 0.11538461538461536, 0.11538461538461536, 0.11538461538461536, 0.07692307692307687, 0.07692307692307687, 0.07692307692307687, 0.038461538461538436, 0.038461538461538436, 0.038461538461538436, 0.0, 0.0, 0.0, 0.03333333333333333, 0.0, 0.03333333333333333, 0.06666666666666667, 0.0, 0.06666666666666667, 0.1, 0.0, 0.1, 0.13333333333333333, 0.0, 0.13333333333333333, 0.16666666666666666, 0.0, 0.16666666666666666, 0.2, 0.0, 0.2, 0.23333333333333334, 0.0, 0.23333333333333334, 0.26666666666666666, 0.0, 0.26666666666666666, 0.3, 0.0, 0.3, 0.3333333333333333, 0.0, 0.3333333333333333, 0.36666666666666664, 0.0, 0.36666666666666664, 0.4, 0.0, 0.4, 0.43333333333333335, 0.0, 0.43333333333333335, 0.4666666666666667, 0.0, 0.4666666666666667, 0.5, 0.0, 0.5, 0.5, 0.03125, 0.53125, 0.5, 0.0625, 0.5625, 0.5, 0.09375, 0.59375, 0.5, 0.125, 0.625, 0.5, 0.15625, 0.65625, 0.5, 0.1875, 0.6875, 0.5, 0.21875, 0.71875, 0.5, 0.25, 0.75, 0.4791666666666667, 0.2708333333333333, 0.75, 0.4583333333333333, 0.2916666666666667, 0.75, 0.4375, 0.3125, 0.75, 0.4166666666666667, 0.3333333333333333, 0.75, 0.39583333333333337, 0.35416666666666663, 0.75, 0.375, 0.375, 0.75]]}, "special_points": {"G": {"__ndarray__": [[3], "float64", [0.0, 0.0, 0.0]]}, "K": {"__ndarray__": [[3], "float64", [0.375, 0.375, 0.75]]}, "L": {"__ndarray__": [[3], "float64", [0.5, 0.5, 0.5]]}, "U": {"__ndarray__": [[3], "float64", [0.625, 0.25, 0.625]]}, "W": {"__ndarray__": [[3], "float64", [0.5, 0.25, 0.75]]}, "X": {"__ndarray__": [[3], "float64", [0.5, 0.0, 0.5]]}}, "labelseq": "WLGXWK", "cell": {"array": {"__ndarray__": [[3, 3], "float64", [0.0, 2.0449999999999995, 2.0449999999999995, 2.0449999999999995, 0.0, 2.0449999999999995, 2.0449999999999995, 2.0449999999999995, 0.0]]}, "__ase_objtype__": "cell"}, "__ase_objtype__": "bandpath"}